{
	"daemon": {
		"config": {
			"loglevel": "1",
			"refresh_time": "10",
			"transaction_timeout": "30"
		},
		"input": {
			"type": "DotSo",
			"name": "/etc/tr104/libtr104.so",
			"plugin_dir": "/etc/tr104/plugins/"
		},
		"output": {
			"type": "UBUS",
			"name": "tr104",
			"parent_dm": "Device.Services.",
			"object": "VoiceService",
			"root_obj": "bbfdm"
		}
	},
	"cli": {
		"config": {
			"proto": "both",
			"instance_mode": 0
		},
		"input": {
			"type": "UBUS",
			"name": "tr104"
		},
		"output": {
			"type": "CLI"
		}
	}
}
