{
  "tr181": {
    "permission": [
      {
        "object": "Device.",
        "perm": [
          "PERMIT_NONE"
        ]
      },
      {
        "object": "Device.DeviceInfo.",
        "perm": [
          "PERMIT_GET",
          "PERMIT_GET_INST",
          "PERMIT_OBJ_INFO",
          "PERMIT_CMD_INFO",
          "PERMIT_SUBS_EVT_OPER_COMP"
        ]
      },
      {
        "object":"Device.Hosts.",
        "perm": [
          "PERMIT_GET",
          "PERMIT_GET_INST",
          "PERMIT_OBJ_INFO",
          "PERMIT_CMD_INFO",
          "PERMIT_SUBS_EVT_OPER_COMP"
        ]
      },
      {
        "object":"Device.IEEE1905.",
        "perm": [
          "PERMIT_GET",
          "PERMIT_GET_INST",
          "PERMIT_OBJ_INFO",
          "PERMIT_CMD_INFO",
          "PERMIT_SUBS_EVT_OPER_COMP"
        ]
      },
      {
        "object":"Device.DynamicDNS.",
        "perm": [
          "PERMIT_GET",
          "PERMIT_GET_INST",
          "PERMIT_OBJ_INFO",
          "PERMIT_CMD_INFO",
          "PERMIT_SUBS_EVT_OPER_COMP"
        ]
      },
      {
        "object":"Device.PeriodicStatistics.",
        "perm": [
          "PERMIT_GET",
          "PERMIT_GET_INST",
          "PERMIT_OBJ_INFO",
          "PERMIT_CMD_INFO",
          "PERMIT_SUBS_EVT_OPER_COMP"
        ]
      },
      {
        "object": "Device.LocalAgent.Subscription.",
        "perm": [
          "PERMIT_GET",
          "PERMIT_GET_INST",
          "PERMIT_OBJ_INFO",
          "PERMIT_CMD_INFO",
          "PERMIT_ADD",
          "PERMIT_SET",
          "PERMIT_DEL",
          "PERMIT_SUBS_EVT_OPER_COMP"
        ]
      },
      {
        "object": "Device.WiFi.",
        "perm": [
          "PERMIT_GET",
          "PERMIT_GET_INST",
          "PERMIT_OBJ_INFO",
          "PERMIT_CMD_INFO",
          "PERMIT_SUBS_VAL_CHANGE",
          "PERMIT_SUBS_OBJ_ADD",
          "PERMIT_SUBS_OBJ_DEL"
        ]
      },
      {
        "object": "Device.WiFi.AccessPoint.{i}.WPS.InitiateWPSPBC()",
        "perm": [
          "PERMIT_OPER",
          "PERMIT_SUBS_EVT_OPER_COMP"
        ]
      },
      {
        "object": "Device.WiFi.DataElements.Network.SetSSID()",
        "perm": [
          "PERMIT_OPER",
          "PERMIT_SUBS_EVT_OPER_COMP"
        ]
      }
    ]
  }
}
