{
	"ulaw": {
		"name": "G.711MuLaw",
		"ptime_min": 10,
		"ptime_max": 30,
		"ptime_default": 20,
		"ptime_increment": 10,
		"bitrate": 64
	},
	"alaw": {
		"name": "G.711ALaw",
		"ptime_min": 10,
		"ptime_max": 30,
		"ptime_default": 20,
		"ptime_increment": 10,
		"bitrate": 64
	},
	"g726": {
		"name": "G.726",
		"ptime_min": 10,
		"ptime_max": 30,
		"ptime_default": 20,
		"ptime_increment": 10,
		"bitrate": 16
	},
	"g723": {
		"name": "G.723.1",
		"ptime_min": 10,
		"ptime_max": 30,
		"ptime_default": 30,
		"ptime_increment": 30,
		"bitrate": 5.3
	},
	"g729": {
		"name": "G.729",
		"ptime_min": 10,
		"ptime_max": 30,
		"ptime_default": 20,
		"ptime_increment": 10,
		"bitrate": 8
	},
	"ilbc": {
		"name": "iLBC",
		"ptime_min": 10,
		"ptime_max": 30,
		"ptime_default": 20,
		"ptime_increment": 30,
		"bitrate": 15.2
	},
	"gsm": {
		"name": "AMR",
		"ptime_min": 10,
		"ptime_max": 30,
		"ptime_default": 20,
		"ptime_increment": 20,
		"bitrate": 12.2
	}
}

