{
	"wps_active": {
		"if_operator" : "OR",
		"if" : [
			{
				"event": "wifi.ap",
				"match": {
					"event":"wps-pbc-active"
				}
			},
			{
				"event": "wifi.bsta",
				"match": {
					"event":"wps-pbc-active"
				}
			}
		],
		"then" : [
			{
				"object": "led.wps",
				"method":"set",
				"args" : {
					"state": "notice"
				},
				"timeout": 1
			}
		]
	},
	"wps_success": {
		"if_operator" : "OR",
		"if" : [
			{
				"event": "wifi.ap",
				"match": {
					"event":"wps-reg-success"
				}
			},
			{
				"event": "wifi.bsta",
				"match": {
					"event":"wps-success"
				}
			}
		],
		"then" : [
			{
				"object": "led.wps",
				"method":"set",
				"args" : {
					"state": "ok",
					"timeout": 120
				},
				"timeout": 1
			}
		]
	},
	"wps_timeout": {
		"if_operator" : "OR",
		"if" : [
			{
				"event": "wifi.ap",
				"match": {
					"event":"wps-timeout"
				}
			},
			{
				"event": "wifi.bsta",
				"match": {
					"event":"wps-timeout"
				}
			}
		],
		"then" : [
			{
				"object": "led.wps",
				"method":"set",
				"args" : {
					"state": "off"
				},
				"timeout": 1
			}
		]
	},
	"wps_overlap": {
		"if_operator" : "OR",
		"if" : [
			{
				"event": "wifi.ap",
				"match": {
					"event":"wps-overlap"
				}
			},
			{
				"event": "wifi.bsta",
				"match": {
					"event":"wps-overlap"
				}
			}
		],
		"then" : [
			{
				"object": "led.wps",
				"method":"set",
				"args" : {
					"state": "error",
					"timeout": 120
				},
				"timeout": 1
			}
		]
	}
}
