{
	"description": "Gathering Voice state",
	"dependency" : [
		{
			"type": "file",
			"file": "/etc/config/asterisk"
		}
	],
	"exec" : [
		{
			"description": "Endpoint Status",
			"cmd": "ubus call endpt status"
		},
		{
			"description": "Endpoint Count",
			"cmd": "ubus call endpt count"
		},
		{
			"description": "Voice Status",
			"cmd": "ubus call voice.asterisk status"
		},
		{
			"description": "DECT Status",
			"cmd": "ubus call dect status",
			"dependency" : [
				{
					"type": "file",
					"file": "/etc/config/dect"
				}
			]
		},
		{
			"description": "DECT Handsets",
			"cmd": "ubus call dect handsets",
			"dependency" : [
				{
					"type": "file",
					"file": "/etc/config/dect"
				}
			]
		}
	]
}
