{
	"description": "Gathering WiFi state",
	"dependency" : [
		{
			"type": "file",
			"file": "/sys/class/ieee80211"
		}
	],
	"exec" : [
		{
			"description": "Wireless Status",
			"cmd": "ubus call network.wireless status"
		},
		{
			"description": "WiFi Status",
			"cmd": "ubus call wifi status"
		},
		{
			"description": "WiFi Radio Status",
			"cmd": "sh /usr/share/self-diagnostics/helper/wifi_radio_status.sh"
		},
		{
			"description": "Get radio scan",
			"cmd": "sh /usr/share/self-diagnostics/helper/wifi_radio_scan.sh"
		},
		{
			"description": "Get Assoc List",
			"cmd": "sh /usr/share/self-diagnostics/helper/wifi_assoclist.sh"
		},
		{
			"description": "List Wireless Devices",
			"cmd": "iw dev"
		},
		{
			"description": "iwinfo interface details",
			"cmd": "/usr/bin/iwinfo"
		}
	]
}
