{
	"json_plugin_version": 2,
	"Device.{BBF_VENDOR_PREFIX}URLFilter.": {
		"type": "object",
		"protocols": [
			"cwmp",
			"usp"
		],
		"description": "This object contains the information about URLs to be blocked or allowed to access from specified MAC addresses in given time duration.",
		"access": false,
		"array": false,
		"Enable": {
			"type": "boolean",
			"read": true,
			"write": true,
			"protocols": [
				"cwmp",
				"usp"
			],
			"description": "Enable or disable URLFiltering on the CPE.",
			"mapping": [
				{
					"type": "uci",
					"uci": {
						"file": "urlfilter",
						"section": {
							"name": "globals"
						},
						"option": {
							"name": "enable"
						}
					}
				}
			]
		},
		"GlobalBlacklist": {
			"type": "boolean",
			"read": true,
			"write": true,
			"protocols": [
				"cwmp",
				"usp"
			],
			"description": "Enable or disable access of the URLs specified in <<param|BlacklistURL>> from all connected devices.",
			"mapping": [
				{
					"type": "uci",
					"uci": {
						"file": "urlfilter",
						"section": {
							"name": "globals"
						},
						"option": {
							"name": "global_blacklist"
						}
					}
				}
			]
		},
		"BlacklistURL": {
			"type": "string",
			"read": true,
			"write": true,
			"protocols": [
				"cwmp",
				"usp"
			],
			"description": "Comma separated list of URLs to be blacklisted from all connected devices.",
			"list": {
				"datatype": "string"
			},
			"mapping": [
				{
					"type": "uci",
					"uci": {
						"file": "urlfilter",
						"section": {
							"name": "globals"
						},
						"list": {
							"name": "blacklist_url"
						}
					}
				}
			]
		},
		"ProfileNumberOfEntries": {
			"type": "unsignedInt",
			"read": true,
			"write": false,
			"protocols": [
				"cwmp",
				"usp"
			],
			"datatype": "unsignedInt",
			"description": "<<numentries>>",
			"mapping": [
				{
					"type": "uci",
					"uci": {
						"file": "urlfilter",
						"section": {
							"type": "profile"
						},
						"option": {
							"name": "@Count"
						}
					}
				}
			]	
		},
		"Device.{BBF_VENDOR_PREFIX}URLFilter.Profile.{i}.": {
			"type": "object",
			"protocols": [
				"cwmp",
				"usp"
			],
			"description": "Table contain details of the blacklist/whitelist profiles.",
			"uniqueKeys": [
				"Name"
			],
			"access": true,
			"array": true,
			"mapping": [
				{
					"type": "uci",
					"uci": {
						"file": "urlfilter",
						"section": {
							"type": "profile"
						},
						"dmmapfile": "dmmap_urlfilter"
					}
				}
			],
			"Alias": {
				"type": "string",
				"read": true,
				"write": false,
				"protocols": [
					"cwmp",
					"usp"
				],
				"datatype": "string",
				"range": [
					{
						"max": 64
					}
				],
				"flags": [
					"Unique",
					"Linker"
				],
				"mapping": [
					{
						"data": "@Parent",
						"type": "uci_sec",
						"key": "@Name"
					}
				]
			},
			"Name": {
				"type": "string",
				"read": true,
				"write": true,
				"protocols": [
					"cwmp",
					"usp"
				],
				"description": "Name of the profile. This should be unique for each entry in the table.",
				"datatype": "string",
				"range": [
					{
						"max": 64
					}
				],
				"mapping": [
					{
						"data": "@Parent",
						"type": "uci_sec",
						"key": "name"
					}
				]
			},
			"WhitelistURL": {
				"type": "string",
				"read": true,
				"write": true,
				"protocols": [
					"cwmp",
					"usp"
				],
				"description": "Comma separated list of URLs which should be allowed to access.",
				"list": {
					"datatype": "string"
				},
				"mapping": [
					{
						"data": "@Parent",
						"type": "uci_sec",
						"list": "whitelist_url"
					}
				]
			},
			"BlacklistURL": {
				"type": "string",
				"read": true,
				"write": true,
				"protocols": [
					"cwmp",
					"usp"
				],
				"description": "Comma separated list of URLs which should not be allowed to access.",
				"list": {
					"datatype": "string"
				},
				"mapping": [
					{
						"data": "@Parent",
						"type": "uci_sec",
						"list": "blacklist_url"
					}
				]
			}
		},
		"FilterNumberOfEntries": {
			"type": "unsignedInt",
			"read": true,
			"write": false,
			"protocols": [
				"cwmp",
				"usp"
			],
			"datatype": "unsignedInt",
			"description": "<<numentries>>",
			"mapping": [
				{
					"type": "uci",
					"uci": {
						"file": "urlfilter",
						"section": {
							"type": "filter"
						},
						"option": {
							"name": "@Count"
						}
					}
				}
			]
		},
		"Device.{BBF_VENDOR_PREFIX}URLFilter.Filter.{i}.": {
			"type": "object",
			"protocols": [
				"cwmp",
				"usp"
			],
			"description": "Table contain MAC addresses on which <<object|Profile>> should be applied along with other information like filtering should be applied on which day, the timing information when the filtering should be done etc.",
			"access": true,
			"array": true,
			"mapping": [
				{
					"type": "uci",
					"uci": {
						"file": "urlfilter",
						"section": {
							"type": "filter"
						},
						"dmmapfile": "dmmap_urlfilter"
					}
				}
			],
			"Enable": {
				"type": "boolean",
				"read": true,
				"write": true,
				"protocols": [
					"cwmp",
					"usp"
				],
				"description": "Enable or disable this filter instance on the CPE.",
				"mapping": [
					{
						"data": "@Parent",
						"type": "uci_sec",
						"key": "enable"
					}
				]
			},
			"Profile": {
				"type": "string",
				"read": true,
				"write": true,
				"protocols": [
					"cwmp",
					"usp"
				],
				"flags": [
					"Reference"
				],
				"description": "Path of the <<object|Profile>> that should be applied.",
				"mapping": [
					{
						"data": "@Parent",
						"type": "uci_sec",
						"key": "profile",
						"linker_obj": "Device.{BBF_VENDOR_PREFIX}URLFilter.Profile.*.Alias"
					}
				]
			},
			"MACAddress": {
				"type": "string",
				"read": true,
				"write": true,
				"protocols": [
					"cwmp",
					"usp"
				],
				"description": "Comma separated list of MAC addresses for which the filtering should be done.",
				"list": {
					"datatype": "string"
				},
				"mapping": [
					{
						"data": "@Parent",
						"type": "uci_sec",
						"list": "macaddr"
					}
				]
			},
			"Day": {
				"type": "string",
				"read": true,
				"write": true,
				"protocols": [
					"cwmp",
					"usp"
				],
				"description": "Comma separated list of weekdays. Filtering should be done on the mentioned days only.",
				"list": {
					"datatype": "string"
				},
				"mapping": [
					{
						"data": "@Parent",
						"type": "uci_sec",
						"list": "day"
					}
				]
			},
			"StartTime": {
				"type": "string",
				"read": true,
				"write": true,
				"protocols": [
					"cwmp",
					"usp"
				],
				"description": "Time when filtering shall start.",
				"mapping": [
					{
						"data": "@Parent",
						"type": "uci_sec",
						"key": "start_time"
					}
				]
			},
			"Duration": {
				"type": "string",
				"read": true,
				"write": true,
				"protocols": [
					"cwmp",
					"usp"
				],
				"description": "The duration in seconds to filter the URLs from start time.",
				"mapping": [
					{
						"data": "@Parent",
						"type": "uci_sec",
						"key": "duration"
					}
				]
			}
		}
	}
}

