{
        "daemon": {
                "config": {
                },
                "input": {
                        "type": "DotSo",
                        "name": "/usr/share/bbfdm/libbbfdm.so",
                        "plugin_dir": "/usr/share/bbfdm/plugins"
                },
                "output": {
                        "type": "UBUS",
                        "name": "bbfdm"
                }
        },
        "cli": {
                "config": {
                        "proto": "both",
                        "instance_mode": 0
                },
                "input": {
                        "type": "UBUS",
                        "name": "bbfdm"
                },
                "output": {
                        "type": "CLI"
                }
        }
}
